{
    "channel": [
      {
        "name": "SENDER.EXT.CONN",
        "clientConnection": {
          "connection": [
            {
              "host": "nativeha-sender-qm-ibm-mq-qm-sender-mq.itzroks-550004s7y8-gwvb8u-4b4a324f027aea19c5cbc0c3275c4656-0000.us-south.containers.appdomain.cloud",
              "port": 443
            }
          ],
          "queueManager": "SENDERQM"
        },
        "transmissionSecurity": {
          "cipherSpecification": "ANY_TLS12"
        },
        "type": "clientConnection"
      }
    ]
  }